Scenario,Year,Model,spGDD,pcp.Feb,pcp.Mar,pcp.Apr
SSP126,2023,BCC,397.889,111.971,64.5651,118.356
SSP126,2024,BCC,448.664,33.8046,100.893,109.09
SSP126,2025,BCC,413.091,45.7805,83.0227,146.933
SSP126,2026,BCC,398.146,178.979,63.2056,102.595
SSP126,2027,BCC,371.356,101.104,228.324,115.148
SSP126,2028,BCC,413.545,31.1626,181.36,128.615
SSP126,2029,BCC,357.563,54.0395,61.4708,78.7083
SSP126,2030,BCC,398.524,130.993,44.3902,63.3036
SSP126,2031,BCC,357.465,143.557,105.38,104.812
SSP126,2032,BCC,389.703,19.8015,85.2729,150.269
SSP126,2033,BCC,258.149,106.611,125.203,148.089
SSP126,2034,BCC,323.224,157.478,83.8492,128.877
SSP126,2035,BCC,406.09,94.0805,96.2381,93.8123
SSP126,2036,BCC,364.191,116,91.4932,88.0379
SSP126,2037,BCC,377.137,76.5997,165.404,143.354
SSP126,2038,BCC,410.901,149.482,106.339,77.5515
SSP126,2039,BCC,338.933,89.2864,73.469,84.6421
SSP126,2040,BCC,425.292,173.146,153.993,41.681
SSP126,2041,BCC,385.471,98.4377,113.789,95.9678
SSP126,2042,BCC,381.106,162.173,104.994,80.7374
SSP126,2043,BCC,463.366,110.341,93.3065,82.6656
SSP126,2050,BCC,362.775,77.3357,191.404,127.507
SSP126,2051,BCC,420.318,34.0707,169.101,95.2291
SSP126,2052,BCC,380.489,101.149,123.665,64.7267
SSP126,2053,BCC,350.147,191.85,132.13,53.7356
SSP126,2054,BCC,437.509,26.179,94.2574,95.054
SSP126,2055,BCC,397.62,108.602,71.3126,150.86
SSP126,2056,BCC,280.91,175.708,89.7284,188.599
SSP126,2057,BCC,357,38.9086,130.242,205.576
SSP126,2058,BCC,392.118,140.252,113.096,137.431
SSP126,2059,BCC,426.641,111.011,116.022,74.8464
SSP126,2060,BCC,376.33,87.5695,82.8787,125.244
SSP126,2061,BCC,397.371,48.4384,76.2497,40.237
SSP126,2062,BCC,387.025,41.0944,78.0116,151.884
SSP126,2063,BCC,422.491,163.173,119.91,105.023
SSP126,2064,BCC,401.053,194.869,111.023,170.22
SSP126,2065,BCC,438.16,73.4632,100.223,71.8095
SSP126,2066,BCC,342.513,134.788,97.4991,56.8657
SSP126,2067,BCC,474.022,103.67,72.2039,102.77
SSP126,2068,BCC,399.474,115.225,159.803,71.0096
SSP126,2069,BCC,440.888,54.786,84.1099,106.026
SSP126,2070,BCC,452.895,64.047,143.8,110.401
SSP126,2080,BCC,440.041,91.7264,38.9064,101.469
SSP126,2081,BCC,431.69,82.3167,97.56,97.433
SSP126,2082,BCC,456.619,35.379,128.167,48.878
SSP126,2083,BCC,430.027,226.329,110.456,156.249
SSP126,2084,BCC,325.017,69.9897,128.15,146.365
SSP126,2085,BCC,424.511,77.851,78.2066,44.2893
SSP126,2086,BCC,373.061,44.55,128.073,119.539
SSP126,2087,BCC,423.171,109.815,122.891,76.8978
SSP126,2088,BCC,421.012,158.64,79.4903,108.403
SSP126,2089,BCC,372.865,105.212,178.788,135.784
SSP126,2090,BCC,366.192,72.7251,112.088,95.0377
SSP126,2091,BCC,329.935,95.8185,137.736,122.742
SSP126,2092,BCC,345.864,91.521,101.264,206.34
SSP126,2093,BCC,390.311,72.8988,107.543,147.151
SSP126,2094,BCC,450.224,65.8065,76.7464,71.8882
SSP126,2095,BCC,410.911,167.466,98.7415,102.79
SSP126,2096,BCC,451.845,105.113,53.6744,145.407
SSP126,2097,BCC,422.8,35.9353,73.1819,205.589
SSP126,2098,BCC,425.539,106.208,31.9637,158.801
SSP126,2099,BCC,369.415,94.2487,69.5864,122.07
SSP126,2100,BCC,350.132,75.6176,106.649,113.977
SSP245,2023,BCC,440.185,85.4851,76.7567,82.8359
SSP245,2024,BCC,416.02,105.003,83.95,102.117
SSP245,2025,BCC,390.579,98.6818,120.152,107.962
SSP245,2026,BCC,306.857,142.381,183.743,152.494
SSP245,2027,BCC,405.34,95.1271,54.3969,154.422
SSP245,2028,BCC,386.243,88.2338,79.6854,62.6885
SSP245,2029,BCC,384.043,98.3862,92.4244,118.21
SSP245,2030,BCC,380.197,141.207,177.034,100.919
SSP245,2031,BCC,365.533,194.135,122.966,57.8819
SSP245,2032,BCC,453.551,77.8368,88.929,50.1932
SSP245,2033,BCC,482.024,83.6456,120.255,78.6745
SSP245,2034,BCC,421.218,76.7985,91.1106,89.8337
SSP245,2035,BCC,439.149,113.401,85.4798,65.8164
SSP245,2036,BCC,378.217,48.3443,90.4102,115.339
SSP245,2037,BCC,378.47,92.4667,229.266,130.168
SSP245,2038,BCC,358.826,43.622,123.708,130.378
SSP245,2039,BCC,374.404,103.799,123.804,48.2203
SSP245,2040,BCC,476.786,84.0175,74.8693,113.792
SSP245,2041,BCC,375.096,127.427,117.172,131.283
SSP245,2042,BCC,269.258,155.167,159.091,119.614
SSP245,2043,BCC,397.71,52.9427,120.1,45.6721
SSP245,2050,BCC,449.092,222.974,134.887,38.0602
SSP245,2051,BCC,400.728,166.145,109.166,151.443
SSP245,2052,BCC,378.562,49.2338,106.21,103.622
SSP245,2053,BCC,410.854,72.7688,97.4503,103.872
SSP245,2054,BCC,404.233,40.1628,148.399,96.9289
SSP245,2055,BCC,464.68,93.1035,135.437,54.806
SSP245,2056,BCC,446.137,83.933,119.823,76.6805
SSP245,2057,BCC,468.3,70.7557,153.499,100.911
SSP245,2058,BCC,410.377,92.7659,125.789,91.6602
SSP245,2059,BCC,468.646,89.0842,44.1086,59.1347
SSP245,2060,BCC,462.466,82.4075,41.9266,91.3668
SSP245,2061,BCC,409.155,80.3407,200.542,191.481
SSP245,2062,BCC,412.007,132.531,159.133,98.4435
SSP245,2063,BCC,417.389,41.9537,122.957,113.258
SSP245,2064,BCC,478.99,95.3285,100.393,97.6991
SSP245,2065,BCC,375.728,103.634,158.951,81.7689
SSP245,2066,BCC,435.023,71.1599,179.114,55.6886
SSP245,2067,BCC,411.301,98.4365,82.6548,72.3968
SSP245,2068,BCC,415.399,147.168,114.699,85.3287
SSP245,2069,BCC,446.856,107.702,33.7362,139.792
SSP245,2070,BCC,418.669,74.2076,60.137,82.9088
SSP245,2080,BCC,460.275,46.21,72.9235,73.979
SSP245,2081,BCC,379.417,96.4307,161.881,93.1494
SSP245,2082,BCC,429.893,97.7013,132.784,55.0284
SSP245,2083,BCC,340.061,92.7144,75.6885,156.274
SSP245,2084,BCC,444.786,138.065,90.0755,61.4921
SSP245,2085,BCC,403.97,66.8442,75.2151,86.2674
SSP245,2086,BCC,438.553,117.17,172.668,62.2942
SSP245,2087,BCC,350.165,198.229,121.303,71.0193
SSP245,2088,BCC,400.338,182.041,118.928,97.0221
SSP245,2089,BCC,388.69,71.396,118.399,105.078
SSP245,2090,BCC,442.171,157.419,73.7601,50.9224
SSP245,2091,BCC,439.731,87.2336,86.0756,99.864
SSP245,2092,BCC,389.082,124.293,208.661,91.485
SSP245,2093,BCC,507.783,93.3591,122.589,96.9716
SSP245,2094,BCC,371.914,47.8844,129.474,113.915
SSP245,2095,BCC,415.971,83.0883,119.643,51.2569
SSP245,2096,BCC,484.804,57.4835,54.459,113.004
SSP245,2097,BCC,432.922,102.426,118.272,137.378
SSP245,2098,BCC,498.14,89.3437,52.5212,106.254
SSP245,2099,BCC,451.789,32.1505,169.213,79.1352
SSP245,2100,BCC,398.974,192.912,114.576,50.2792
SSP370,2023,BCC,346.442,131.901,93.7092,52.2705
SSP370,2024,BCC,409.702,66.2019,60.3471,150.868
SSP370,2025,BCC,341.741,90.8537,100.354,108.821
SSP370,2026,BCC,401.63,67.4219,71.151,112.047
SSP370,2027,BCC,428.346,126.485,59.9553,90.9298
SSP370,2028,BCC,401.876,49.0657,67.4768,81.6196
SSP370,2029,BCC,387.702,101.467,120.696,92.0609
SSP370,2030,BCC,365.811,116.027,120.938,100.324
SSP370,2031,BCC,486.597,184.416,90.0503,41.5984
SSP370,2032,BCC,413.024,72.6482,120.888,85.7437
SSP370,2033,BCC,352.945,107.404,71.476,108.133
SSP370,2034,BCC,388.21,72.3668,81.5001,79.0149
SSP370,2035,BCC,438.862,134.348,139.167,45.0305
SSP370,2036,BCC,422.919,105.723,50.3387,116.304
SSP370,2037,BCC,392.71,71.4838,74.0204,36.0803
SSP370,2038,BCC,440.054,110.543,282.195,25.8867
SSP370,2039,BCC,406.8,122.29,134.161,127.633
SSP370,2040,BCC,378.429,87.6778,139.907,119.695
SSP370,2041,BCC,443.721,116.401,82.8895,100.043
SSP370,2042,BCC,434.519,113.687,102.427,45.7623
SSP370,2043,BCC,457.161,93.2951,71.0164,156.858
SSP370,2050,BCC,433.903,118.283,83.0351,94.9963
SSP370,2051,BCC,480.464,79.5338,75.4752,69.1777
SSP370,2052,BCC,453.286,39.3497,118.369,74.2713
SSP370,2053,BCC,410.761,87.8395,128.388,111.992
SSP370,2054,BCC,377.753,101.653,152.656,72.8058
SSP370,2055,BCC,476.189,113.755,95.1864,92.9025
SSP370,2056,BCC,442.019,57.5607,132.618,85.6832
SSP370,2057,BCC,432.378,133.428,126.088,144.347
SSP370,2058,BCC,404.21,239.956,105.06,71.1864
SSP370,2059,BCC,375.642,147.421,94.3568,112.24
SSP370,2060,BCC,449.378,100.707,143.616,104.293
SSP370,2061,BCC,387.153,329.117,118,128.704
SSP370,2062,BCC,452.207,107.262,101.603,150.246
SSP370,2063,BCC,442.026,93.3672,136.455,63.4285
SSP370,2064,BCC,478.441,102.479,30.5665,163.226
SSP370,2065,BCC,464.921,81.4109,137.415,132.883
SSP370,2066,BCC,478.831,84.7394,102.964,64.3665
SSP370,2067,BCC,496.537,106.08,62.3437,46.933
SSP370,2068,BCC,446.665,63.2061,212.604,24.3212
SSP370,2069,BCC,417.003,91.083,243.639,135.535
SSP370,2070,BCC,384.939,43.1906,114.286,104.594
SSP370,2080,BCC,452.657,28.9806,182.692,117.178
SSP370,2081,BCC,458.06,107.546,55.2357,76.0099
SSP370,2082,BCC,486.551,148.188,54.8186,159.156
SSP370,2083,BCC,480.243,157.166,118.969,86.0655
SSP370,2084,BCC,488.081,139.137,74.8115,29.9144
SSP370,2085,BCC,496.612,108.508,75.5486,112.19
SSP370,2086,BCC,426.583,41.7749,183.673,191.378
SSP370,2087,BCC,456.956,102.249,61.906,59.7853
SSP370,2088,BCC,493.562,194.201,79.3387,160.913
SSP370,2089,BCC,500.179,92.1508,144.488,125.158
SSP370,2090,BCC,409.705,152.359,209.032,76.5713
SSP370,2091,BCC,515.815,64.8062,90.0865,86.0767
SSP370,2092,BCC,476.708,119.574,69.9781,58.8108
SSP370,2093,BCC,528.724,119.615,61.7848,62.9332
SSP370,2094,BCC,472.719,137.342,129.514,44.7379
SSP370,2095,BCC,423.52,162.18,149.809,78.9007
SSP370,2096,BCC,501.302,146.621,114.74,75.0562
SSP370,2097,BCC,536.315,69.5696,107.478,74.0262
SSP370,2098,BCC,512.341,144.962,93.0804,137.303
SSP370,2099,BCC,406.864,76.3614,185.312,130.908
SSP370,2100,BCC,465.667,103.108,62.6139,96.4528
SSP585,2023,BCC,462.337,80.243,53.6051,168.348
SSP585,2024,BCC,425.967,59.6063,27.6439,71.9869
SSP585,2025,BCC,451.238,124.909,71.4922,101.057
SSP585,2026,BCC,428.584,43.1233,81.9118,91.983
SSP585,2027,BCC,382.358,95.4434,89.2306,101.719
SSP585,2028,BCC,434.274,69.545,67.7848,51.9004
SSP585,2029,BCC,415.24,143.148,105.313,85.4055
SSP585,2030,BCC,366.885,57.5069,170.406,82.4448
SSP585,2031,BCC,340.444,61.4214,87.4073,259.201
SSP585,2032,BCC,403.041,125.989,108.988,78.172
SSP585,2033,BCC,450.866,90.2992,54.9625,100.564
SSP585,2034,BCC,347.29,145.8,56.9213,150.723
SSP585,2035,BCC,392.938,131.942,167.008,99.6277
SSP585,2036,BCC,473.092,113.112,80.6353,54.406
SSP585,2037,BCC,429.427,18.844,77.5196,44.7605
SSP585,2038,BCC,432.104,111.759,33.4902,85.8397
SSP585,2039,BCC,447.656,72.4372,141.491,65.1388
SSP585,2040,BCC,366.708,57.5837,92.368,82.0964
SSP585,2041,BCC,415.892,96.2161,167.347,154.242
SSP585,2042,BCC,376.144,104.356,328.399,142.712
SSP585,2043,BCC,410.185,155.391,83.4929,95.8194
SSP585,2050,BCC,431.318,134.693,78.0748,126.201
SSP585,2051,BCC,438.277,81.7886,97.4576,83.2419
SSP585,2052,BCC,527.084,34.8002,118.848,78.7107
SSP585,2053,BCC,471.507,142.679,84.2184,75.5267
SSP585,2054,BCC,442.046,233.631,37.6353,130.324
SSP585,2055,BCC,424.906,88.1196,81.3238,64.501
SSP585,2056,BCC,461.181,80.0065,103.898,123.384
SSP585,2057,BCC,410.065,116.262,200.757,66.9167
SSP585,2058,BCC,489.396,58.2805,152.532,69.351
SSP585,2059,BCC,502.066,133.102,115.762,92.446
SSP585,2060,BCC,443.289,79.8093,67.4377,150.712
SSP585,2061,BCC,462.123,110.31,50.7184,84.4933
SSP585,2062,BCC,461.67,76.8561,118.43,77.0258
SSP585,2063,BCC,427.431,169.583,130.26,67.8161
SSP585,2064,BCC,450.313,35.5473,93.2689,142.008
SSP585,2065,BCC,449.932,98.3281,145.579,104.559
SSP585,2066,BCC,462.831,52.9463,89.9509,91.8742
SSP585,2067,BCC,436.007,70.5558,135.875,90.1363
SSP585,2068,BCC,485.635,76.4232,108.272,125.453
SSP585,2069,BCC,410.308,90.0494,192.367,104.671
SSP585,2070,BCC,414.68,133.669,73.7976,129.787
SSP585,2080,BCC,535.564,117.991,116.781,99.4065
SSP585,2081,BCC,500.368,141.189,113.09,47.0462
SSP585,2082,BCC,496.926,140.467,82.6626,87.5327
SSP585,2083,BCC,487.359,87.181,99.1843,54.2691
SSP585,2084,BCC,555.608,41.4279,127.989,50.9961
SSP585,2085,BCC,519.344,150.074,101.4,79.5776
SSP585,2086,BCC,469.799,197.453,222.524,87.7936
SSP585,2087,BCC,538.5,93.2811,144.101,87.4096
SSP585,2088,BCC,509.437,107.514,97.5288,87.8762
SSP585,2089,BCC,405.582,140.533,81.6776,118.191
SSP585,2090,BCC,491.691,45.2301,92.6765,18.6012
SSP585,2091,BCC,520.249,111.315,136.034,131.434
SSP585,2092,BCC,536.182,82.5713,87.7811,73.3674
SSP585,2093,BCC,539.201,70.6817,65.7896,96.8926
SSP585,2094,BCC,574.391,89.5231,125.717,109.851
SSP585,2095,BCC,477.63,59.338,162.469,45.318
SSP585,2096,BCC,476.443,57.6433,105.012,80.8726
SSP585,2097,BCC,544.413,208.367,81.9768,111.778
SSP585,2098,BCC,575.388,91.2849,183.292,119.118
SSP585,2099,BCC,516.499,155.887,128.203,104.614
SSP585,2100,BCC,423.439,128.98,151.267,149.207
SSP126,2023,CANESM,441.742,122.298,46.8747,30.8017
SSP126,2024,CANESM,442.193,65.9168,37.6332,74.0372
SSP126,2025,CANESM,475.2,79.6231,51.8562,122.379
SSP126,2026,CANESM,389.139,12.5729,43.3953,39.536
SSP126,2027,CANESM,408.659,23.6127,68.8407,43.5034
SSP126,2028,CANESM,388.827,31.3596,22.9493,104.982
SSP126,2029,CANESM,418.474,56.8319,27.2784,90.2625
SSP126,2030,CANESM,443.758,67.9573,69.4361,63.5236
SSP126,2031,CANESM,435.76,71.6206,76.3344,50.0406
SSP126,2032,CANESM,439.482,171.474,46.7206,39.6848
SSP126,2033,CANESM,414.285,45.5075,142.907,112.969
SSP126,2034,CANESM,498.04,58.6699,87.153,24.7537
SSP126,2035,CANESM,428.846,21.1541,73.5519,83.1
SSP126,2036,CANESM,531.049,45.2612,71.2081,48.5103
SSP126,2037,CANESM,477.495,64.071,30.3013,13.1648
SSP126,2038,CANESM,461.424,52.1678,122.842,21.4015
SSP126,2039,CANESM,440.765,105.083,56.1259,89.3888
SSP126,2040,CANESM,464.486,23.7911,92.9465,29.1471
SSP126,2041,CANESM,443.058,64.9279,51.0985,26.2197
SSP126,2042,CANESM,408.825,64.4589,49.8654,100.759
SSP126,2043,CANESM,468.497,39.7046,70.0226,89.3522
SSP126,2050,CANESM,477.727,44.5996,16.541,70.1067
SSP126,2051,CANESM,547.269,36.1503,52.6006,61.8073
SSP126,2052,CANESM,492.761,58.629,24.8202,109.592
SSP126,2053,CANESM,458.932,38.5989,55.393,82.3486
SSP126,2054,CANESM,500.618,30.771,80.4083,28.906
SSP126,2055,CANESM,412.032,114.106,51.7393,46.7548
SSP126,2056,CANESM,417.026,51.8521,79.2624,16.6594
SSP126,2057,CANESM,383.012,71.1752,106.276,54.3513
SSP126,2058,CANESM,462.361,71.0808,24.2993,110.42
SSP126,2059,CANESM,544.022,30.5871,74.4075,67.2049
SSP126,2060,CANESM,490.608,93.2543,71.2093,95.973
SSP126,2061,CANESM,486.251,76.9507,12.459,53.4868
SSP126,2062,CANESM,488.777,13.2622,68.1665,13.8483
SSP126,2063,CANESM,448.479,66.8622,43.5277,119.243
SSP126,2064,CANESM,462.239,75.1637,51.4228,78.4719
SSP126,2065,CANESM,514.046,70.3789,13.7103,40.4269
SSP126,2066,CANESM,508.625,35.5755,16.964,81.4719
SSP126,2067,CANESM,447.965,51.4419,69.9058,37.5557
SSP126,2068,CANESM,490.681,52.5952,70.0498,32.3098
SSP126,2069,CANESM,440.228,55.0682,74.432,136.234
SSP126,2070,CANESM,463.329,66.6405,80.0791,62.3001
SSP126,2080,CANESM,507.756,67.1241,68.0268,41.8934
SSP126,2081,CANESM,554.602,20.903,28.2445,28.6913
SSP126,2082,CANESM,490.438,24.379,49.8073,61.6434
SSP126,2083,CANESM,519.427,125.681,28.7785,28.6389
SSP126,2084,CANESM,400.087,26.5765,76.8695,53.6254
SSP126,2085,CANESM,431.142,74.3284,105.866,58.6187
SSP126,2086,CANESM,396.717,36.5734,76.4779,55.0614
SSP126,2087,CANESM,496.442,65.0477,34.6956,34.0208
SSP126,2088,CANESM,501.452,14.1329,26.6455,30.8932
SSP126,2089,CANESM,452.213,128.731,51.5258,51.4806
SSP126,2090,CANESM,464.074,13.4103,58.593,23.0847
SSP126,2091,CANESM,431.447,151.066,53.4735,57.0814
SSP126,2092,CANESM,466.159,34.5276,86.429,55.0739
SSP126,2093,CANESM,466.161,36.5536,126.166,120.207
SSP126,2094,CANESM,438.942,83.8771,48.6609,46.1087
SSP126,2095,CANESM,533.359,75.7848,16.5945,24.1642
SSP126,2096,CANESM,379.677,99.0908,104.588,91.2742
SSP126,2097,CANESM,421.059,43.8469,63.3574,94.2239
SSP126,2098,CANESM,485.301,19.6082,68.027,19.5136
SSP126,2099,CANESM,396.524,116.101,91.5019,137.344
SSP126,2100,CANESM,443.625,52.033,46.212,73.9634
SSP245,2023,CANESM,472.797,34.4915,38.2575,48.6659
SSP245,2024,CANESM,512.375,113.83,63.1459,70.5207
SSP245,2025,CANESM,400.868,41.5828,93.3436,65.3621
SSP245,2026,CANESM,289.753,77.7016,105.745,65.5791
SSP245,2027,CANESM,431.417,31.6856,35.2313,74.9019
SSP245,2028,CANESM,426.857,107.535,28.3672,45.4202
SSP245,2029,CANESM,418.967,23.7636,72.665,51.3295
SSP245,2030,CANESM,435.647,27.0378,42.7297,58.7014
SSP245,2031,CANESM,402.715,97.6365,28.9879,148.08
SSP245,2032,CANESM,389.668,60.9833,111.098,157.213
SSP245,2033,CANESM,357.273,139.021,87.1832,144.644
SSP245,2034,CANESM,429.585,73.0418,32.2254,33.1994
SSP245,2035,CANESM,402.547,63.2704,19.2187,98.5985
SSP245,2036,CANESM,386.57,111.482,50.6166,118.347
SSP245,2037,CANESM,375.698,8.45634,50.8366,91.1665
SSP245,2038,CANESM,463.205,30.8324,59.5995,45.6968
SSP245,2039,CANESM,528.438,38.5147,90.5273,43.2074
SSP245,2040,CANESM,500.772,50.0747,22.9756,89.2434
SSP245,2041,CANESM,512.594,31.4531,51.2799,47.7696
SSP245,2042,CANESM,438.798,90.915,29.3783,46.7985
SSP245,2043,CANESM,504.943,26.4736,29.9641,22.4752
SSP245,2050,CANESM,554.77,20.4605,52.029,53.4716
SSP245,2051,CANESM,431.65,54.2129,65.0175,56.1823
SSP245,2052,CANESM,418.923,52.8872,122.229,89.0544
SSP245,2053,CANESM,480.72,36.0763,21.071,131.625
SSP245,2054,CANESM,598.523,33.9138,28.5641,19.8536
SSP245,2055,CANESM,538.875,91.9873,58.0818,46.8652
SSP245,2056,CANESM,497.74,82.8063,113.946,45.693
SSP245,2057,CANESM,514.29,101.738,32.2975,21.3707
SSP245,2058,CANESM,589.306,47.6558,22.3048,19.9644
SSP245,2059,CANESM,542.781,54.8815,26.5091,27.4673
SSP245,2060,CANESM,488.359,80.8794,44.4759,79.3139
SSP245,2061,CANESM,478.332,51.882,99.2927,39.613
SSP245,2062,CANESM,527.471,54.1121,8.14887,25.3423
SSP245,2063,CANESM,525.788,40.2061,14.2526,32.6958
SSP245,2064,CANESM,492.77,61.1784,77.7058,68.0518
SSP245,2065,CANESM,522.095,74.2248,80.5347,34.0676
SSP245,2066,CANESM,409.758,81.0434,45.5361,16.9836
SSP245,2067,CANESM,558.964,53.2098,36.5362,30.3222
SSP245,2068,CANESM,486.272,102.724,72.6511,81.9944
SSP245,2069,CANESM,516.143,46.649,76.5928,40.5988
SSP245,2070,CANESM,508.205,54.4542,33.6177,62.6638
SSP245,2080,CANESM,556.252,26.2885,37.0824,50.2541
SSP245,2081,CANESM,465.973,40.6309,55.3977,65.4691
SSP245,2082,CANESM,450.832,98.3068,77.3253,22.3144
SSP245,2083,CANESM,504.559,153.483,57.8817,18.4169
SSP245,2084,CANESM,501.218,93.2751,40.1054,76.8677
SSP245,2085,CANESM,455.361,115.314,92.6653,36.8467
SSP245,2086,CANESM,553.326,69.9427,24.7039,22.7047
SSP245,2087,CANESM,577.698,39.517,39.2418,70.1828
SSP245,2088,CANESM,518.243,56.6851,62.4966,62.4007
SSP245,2089,CANESM,470.37,71.002,67.497,34.8922
SSP245,2090,CANESM,537.139,54.1263,107.538,99.0812
SSP245,2091,CANESM,535.615,75.9175,41.0854,59.8136
SSP245,2092,CANESM,515.379,29.0623,39.4644,60.1594
SSP245,2093,CANESM,609.946,7.05666,28.5072,33.0731
SSP245,2094,CANESM,475.337,114.679,72.9418,94.7473
SSP245,2095,CANESM,547.461,62.7326,61.5838,26.7019
SSP245,2096,CANESM,589.526,37.1835,24.9631,24.2344
SSP245,2097,CANESM,572.448,31.196,94.3169,43.2408
SSP245,2098,CANESM,521.142,39.9055,45.6589,49.1703
SSP245,2099,CANESM,593.48,58.2627,48.8665,29.4435
SSP245,2100,CANESM,498.041,36.6807,66.3184,27.8824
SSP370,2023,CANESM,452.361,23.0855,70.2867,54.4746
SSP370,2024,CANESM,480.558,95.2058,61.1409,38.5695
SSP370,2025,CANESM,536.451,47.9114,63.5425,34.2681
SSP370,2026,CANESM,466.135,19.4203,7.70207,15.401
SSP370,2027,CANESM,460.304,83.5515,52.8737,75.6201
SSP370,2028,CANESM,408.877,40.5465,24.7011,37.4309
SSP370,2029,CANESM,468.631,83.1965,53.8883,84.0341
SSP370,2030,CANESM,506.161,15.3398,21.7939,17.5184
SSP370,2031,CANESM,486.485,26.0864,31.0833,88.6787
SSP370,2032,CANESM,382.333,58.2225,138.987,95.5113
SSP370,2033,CANESM,451.176,83.883,74.8105,93.3637
SSP370,2034,CANESM,440.501,32.5738,17.5795,76.4642
SSP370,2035,CANESM,412.61,123.843,54.7419,29.0319
SSP370,2036,CANESM,432.951,14.2622,54.2691,77.1145
SSP370,2037,CANESM,386.774,112.553,72.1967,27.5386
SSP370,2038,CANESM,541.875,37.1254,32.5812,79.2344
SSP370,2039,CANESM,449.895,51.6969,78.5399,41.0363
SSP370,2040,CANESM,460.942,56.4756,37.9635,40.6626
SSP370,2041,CANESM,514.299,44.1137,75.1528,40.3415
SSP370,2042,CANESM,440.524,37.7845,39.8016,86.4829
SSP370,2043,CANESM,471.28,58.889,17.8443,106.012
SSP370,2050,CANESM,470.799,38.6645,43.9606,55.0888
SSP370,2051,CANESM,496.065,48.1249,11.5095,18.5312
SSP370,2052,CANESM,634.852,22.2511,30.1005,35.2638
SSP370,2053,CANESM,516.306,89.5804,59.4578,108.627
SSP370,2054,CANESM,504.804,59.3391,71.8747,55.1174
SSP370,2055,CANESM,545.163,37.5279,68.5145,39.3747
SSP370,2056,CANESM,572.521,46.5308,14.7701,39.352
SSP370,2057,CANESM,489.322,105.747,65.7492,46.3488
SSP370,2058,CANESM,545.694,80.6487,8.32043,50.4733
SSP370,2059,CANESM,494.391,20.9825,87.7573,71.3695
SSP370,2060,CANESM,504.858,31.7287,59.0609,90.7724
SSP370,2061,CANESM,524.659,121.466,38.0802,130.741
SSP370,2062,CANESM,567.46,29.8045,87.0988,44.0779
SSP370,2063,CANESM,527.236,24.8768,67.0214,66.8589
SSP370,2064,CANESM,509.266,42.4284,35.9637,26.1682
SSP370,2065,CANESM,596.895,29.6713,37.8355,42.8332
SSP370,2066,CANESM,501.16,71.8168,130.401,34.7486
SSP370,2067,CANESM,475.701,24.491,35.5572,88.4874
SSP370,2068,CANESM,503.994,56.3553,59.8635,57.2838
SSP370,2069,CANESM,505.458,23.4801,99.7911,62.2638
SSP370,2070,CANESM,584.588,42.9975,17.6332,26.3893
SSP370,2080,CANESM,563.131,90.371,41.4476,156.939
SSP370,2081,CANESM,603.78,130.643,53.3385,49.6392
SSP370,2082,CANESM,541.545,83.8183,95.3658,25.8006
SSP370,2083,CANESM,561.696,47.0047,49.7037,53.5288
SSP370,2084,CANESM,612.277,12.1506,15.1911,15.6047
SSP370,2085,CANESM,566.647,94.689,79.9542,46.2525
SSP370,2086,CANESM,640.833,79.5877,42.8851,24.4044
SSP370,2087,CANESM,587.242,96.7728,71.0753,35.8999
SSP370,2088,CANESM,602.499,77.4028,62.4085,36.9049
SSP370,2089,CANESM,610.439,35.9686,56.0742,60.9225
SSP370,2090,CANESM,626.961,9.084,25.5914,51.9935
SSP370,2091,CANESM,613.402,65.0836,46.0787,90.9921
SSP370,2092,CANESM,541.667,59.3102,23.0335,98.0443
SSP370,2093,CANESM,575.12,35.7618,40.2944,69.5036
SSP370,2094,CANESM,545.743,15.6373,33.8541,37.3494
SSP370,2095,CANESM,622.683,45.3179,23.714,86.9553
SSP370,2096,CANESM,657.446,25.4815,46.7533,33.4613
SSP370,2097,CANESM,619.901,79.2573,22.1968,33.7005
SSP370,2098,CANESM,575.814,81.8825,56.3033,43.0167
SSP370,2099,CANESM,592.104,38.4966,38.7265,53.9726
SSP370,2100,CANESM,607.778,64.7261,68.3169,52.3925
SSP585,2023,CANESM,414.858,46.8616,27.4505,29.9965
SSP585,2024,CANESM,468.82,37.3885,32.3913,57.5535
SSP585,2025,CANESM,493.397,33.7407,15.2615,27.259
SSP585,2026,CANESM,404.727,56.4752,66.3838,60.7383
SSP585,2027,CANESM,478.597,30.1315,36.2686,47.8003
SSP585,2028,CANESM,378.672,12.1376,38.4687,85.3446
SSP585,2029,CANESM,439.898,89.1778,48.8919,41.5018
SSP585,2030,CANESM,506.509,75.0119,76.5336,124.298
SSP585,2031,CANESM,348.431,50.057,135.46,108.191
SSP585,2032,CANESM,457.725,69.169,104.383,25.1537
SSP585,2033,CANESM,405.798,96.1633,76.0923,59.9264
SSP585,2034,CANESM,483.45,28.8105,72.6988,210.239
SSP585,2035,CANESM,429.269,43.0568,112.451,33.0699
SSP585,2036,CANESM,499.776,50.0249,72.108,42.5007
SSP585,2037,CANESM,477.99,125.321,20.129,12.4886
SSP585,2038,CANESM,456.006,101.172,65.2652,51.2531
SSP585,2039,CANESM,479.192,81.9267,46.081,49.3234
SSP585,2040,CANESM,428.895,103.666,52.7586,72.214
SSP585,2041,CANESM,474.081,27.1141,84.9363,87.239
SSP585,2042,CANESM,523.68,47.0306,94.5557,37.6473
SSP585,2043,CANESM,402.615,57.8469,118.67,63.8879
SSP585,2050,CANESM,517.389,89.0639,57.9081,46.3564
SSP585,2051,CANESM,525.702,23.8435,33.4781,26.1581
SSP585,2052,CANESM,468.634,154.421,35.4408,71.9959
SSP585,2053,CANESM,562.896,37.4111,22.5277,24.0428
SSP585,2054,CANESM,552.654,25.1956,13.1203,148.421
SSP585,2055,CANESM,518.082,20.5278,21.6842,47.3908
SSP585,2056,CANESM,478.844,71.1473,81.3951,28.569
SSP585,2057,CANESM,591.683,40.6627,91.7422,49.7813
SSP585,2058,CANESM,573.359,12.2385,48.4177,77.7783
SSP585,2059,CANESM,544.284,92.999,51.8499,128.861
SSP585,2060,CANESM,519.298,66.2772,93.9767,73.6327
SSP585,2061,CANESM,507.274,37.1873,45.5809,61.7763
SSP585,2062,CANESM,579.982,39.2861,21.6166,35.8118
SSP585,2063,CANESM,604.303,35.4095,25.7233,95.7388
SSP585,2064,CANESM,532.339,40.5224,74.0009,36.7381
SSP585,2065,CANESM,536.338,14.8859,42.631,18.5802
SSP585,2066,CANESM,520.056,42.5312,39.6524,106.094
SSP585,2067,CANESM,545.839,68.7282,68.472,18.7329
SSP585,2068,CANESM,583.396,38.7874,55.6084,90.0184
SSP585,2069,CANESM,572.771,41.786,88.3888,44.7652
SSP585,2070,CANESM,462.741,27.5364,31.8255,102.256
SSP585,2080,CANESM,585.072,60.6879,52.0616,66.6782
SSP585,2081,CANESM,579.229,66.5388,19.3889,40.5025
SSP585,2082,CANESM,603.738,100.229,30.384,24.9438
SSP585,2083,CANESM,599.145,26.8152,19.5499,43.5314
SSP585,2084,CANESM,562.458,52.7504,25.1055,35.5434
SSP585,2085,CANESM,585.693,21.5728,66.6964,27.5127
SSP585,2086,CANESM,640.293,25.3222,18.5245,89.2096
SSP585,2087,CANESM,582.054,24.4773,74.1831,24.9972
SSP585,2088,CANESM,657.671,59.834,20.3547,24.4826
SSP585,2089,CANESM,618.848,33.5085,11.95,53.2278
SSP585,2090,CANESM,705.764,51.9682,32.9711,26.2958
SSP585,2091,CANESM,574.553,44.5494,45.5899,58.7487
SSP585,2092,CANESM,632.528,22.6081,39.6065,49.4658
SSP585,2093,CANESM,686.926,42.2586,7.27918,30.4391
SSP585,2094,CANESM,695.652,15.3645,8.02674,26.1087
SSP585,2095,CANESM,662.213,54.3625,10.8864,72.6922
SSP585,2096,CANESM,627.983,30.9793,29.4683,28.7287
SSP585,2097,CANESM,668.89,38.3661,16.4974,35.8183
SSP585,2098,CANESM,695.619,48.5963,14.3067,68.6998
SSP585,2099,CANESM,646.538,72.6398,25.9483,116.208
SSP585,2100,CANESM,596.586,79.255,29.7424,62.2037
SSP126,2023,FGOALS,372.86,52.8835,94.8462,102.226
SSP126,2024,FGOALS,322.544,118.278,60.2262,88.5906
SSP126,2025,FGOALS,340.417,103.687,101.345,84.1023
SSP126,2026,FGOALS,357.57,49.2206,93.5997,60.5761
SSP126,2027,FGOALS,363.608,36.0242,90.3916,86.1971
SSP126,2028,FGOALS,358.796,77.4634,107.245,116.674
SSP126,2029,FGOALS,360.407,51.5141,134.083,62.3369
SSP126,2030,FGOALS,332.253,96.3916,111.115,96.8719
SSP126,2031,FGOALS,354.66,67.5831,39.7147,39.8969
SSP126,2032,FGOALS,346.165,19.0056,103.95,78.9713
SSP126,2033,FGOALS,355.278,153.924,91.0266,41.1181
SSP126,2034,FGOALS,364.995,69.8362,103.837,112.042
SSP126,2035,FGOALS,363.134,49.1395,60.6886,61.5005
SSP126,2036,FGOALS,352.02,72.0923,58.5549,21.1416
SSP126,2037,FGOALS,338.434,66.9342,46.7753,76.6964
SSP126,2038,FGOALS,356.136,71.2198,78.7403,54.9624
SSP126,2039,FGOALS,348.59,35.9016,77.611,157.751
SSP126,2040,FGOALS,364.026,92.0802,106.607,84.2238
SSP126,2041,FGOALS,349.289,78.7178,38.6456,100.422
SSP126,2042,FGOALS,359.399,70.4439,70.5509,98.7947
SSP126,2043,FGOALS,340.501,134.793,40.7762,55.9416
SSP126,2050,FGOALS,334.182,86.8254,86.9484,81.2591
SSP126,2051,FGOALS,331.076,100.978,125.542,47.0799
SSP126,2052,FGOALS,349.318,26.8528,93.6757,110.331
SSP126,2053,FGOALS,358.96,68.5771,64.8319,136.865
SSP126,2054,FGOALS,312.891,68.076,102.335,79.7207
SSP126,2055,FGOALS,369.332,25.5938,69.566,78.815
SSP126,2056,FGOALS,335.2,139.13,106.531,124.028
SSP126,2057,FGOALS,341.654,51.8076,34.3584,46.3316
SSP126,2058,FGOALS,360.185,107.903,90.1905,91.224
SSP126,2059,FGOALS,348.645,125.681,58.6074,142.809
SSP126,2060,FGOALS,337.326,47.6427,73.6332,118.479
SSP126,2061,FGOALS,366.33,60.8534,67.042,93.4234
SSP126,2062,FGOALS,335.81,43.3818,145.607,41.5411
SSP126,2063,FGOALS,340.139,68.0532,156.249,83.1416
SSP126,2064,FGOALS,368.588,86.5885,113.568,109.292
SSP126,2065,FGOALS,357.63,51.526,60.3199,88.7767
SSP126,2066,FGOALS,381.43,53.0573,56.1004,78.0672
SSP126,2067,FGOALS,334.992,109.8,76.3328,131.816
SSP126,2068,FGOALS,372.139,85.5395,89.6407,95.2541
SSP126,2069,FGOALS,379.517,77.2064,99.1668,79.2126
SSP126,2070,FGOALS,335.237,98.9718,105.111,79.4715
SSP126,2080,FGOALS,377.991,46.0832,84.0791,86.8927
SSP126,2081,FGOALS,350.313,56.3426,63.9535,72.9632
SSP126,2082,FGOALS,309.562,79.6584,56.1793,97.2637
SSP126,2083,FGOALS,361.388,53.1522,62.1689,80.7953
SSP126,2084,FGOALS,348.072,85.6374,106.87,58.4168
SSP126,2085,FGOALS,357.003,118.765,45.8669,93.9126
SSP126,2086,FGOALS,298.438,85.9522,86.6214,79.1013
SSP126,2087,FGOALS,370.649,75.2821,121.622,92.7987
SSP126,2088,FGOALS,322.014,69.3536,101.788,95.5469
SSP126,2089,FGOALS,320.811,74.2412,81.3397,64.8785
SSP126,2090,FGOALS,336.841,77.6243,89.1593,66.6075
SSP126,2091,FGOALS,317.09,36.3348,86.6739,88.1121
SSP126,2092,FGOALS,353.567,33.1531,66.506,116.845
SSP126,2093,FGOALS,338.708,113.122,38.9923,95.9312
SSP126,2094,FGOALS,336.274,102.216,56.0388,72.9099
SSP126,2095,FGOALS,347.913,67.8498,77.041,133.123
SSP126,2096,FGOALS,336.277,75.0804,100.213,119.873
SSP126,2097,FGOALS,330.523,60.117,108.062,85.3142
SSP126,2098,FGOALS,324.845,44.2453,85.1923,80.9351
SSP126,2099,FGOALS,351.577,57.6024,85.1298,112.995
SSP126,2100,FGOALS,357.175,103.101,140.887,103.042
SSP245,2023,FGOALS,363.8,95.7938,45.9704,80.8129
SSP245,2024,FGOALS,355.053,95.1608,118.579,81.3476
SSP245,2025,FGOALS,355.045,45.7636,92.412,100.716
SSP245,2026,FGOALS,344.967,87.5973,101.773,100.631
SSP245,2027,FGOALS,333.104,64.4847,82.4163,95.7405
SSP245,2028,FGOALS,340.178,110.826,125.465,81.7262
SSP245,2029,FGOALS,346.132,92.9229,177.514,68.5606
SSP245,2030,FGOALS,337.867,32.6237,69.2151,34.5576
SSP245,2031,FGOALS,361.884,59.2893,162.068,30.4457
SSP245,2032,FGOALS,349.604,135.11,97.306,79.2306
SSP245,2033,FGOALS,324.109,58.0115,77.2084,110.687
SSP245,2034,FGOALS,330.94,148.171,47.0736,73.2658
SSP245,2035,FGOALS,361.314,131.894,92.8602,83.2778
SSP245,2036,FGOALS,364.936,36.6018,57.8705,219.301
SSP245,2037,FGOALS,357.179,144.972,48.9745,66.6752
SSP245,2038,FGOALS,361.482,49.726,139.766,64.9857
SSP245,2039,FGOALS,382.499,91.9753,68.6039,60.5855
SSP245,2040,FGOALS,354.139,46.2383,81.0929,83.1667
SSP245,2041,FGOALS,374.159,130.467,68.2627,93.5702
SSP245,2042,FGOALS,322.219,34.2375,94.8523,146.589
SSP245,2043,FGOALS,344.379,31.9354,100.351,70.7533
SSP245,2050,FGOALS,371.416,50.605,80.0662,57.5588
SSP245,2051,FGOALS,351.502,109.356,114.133,58.9665
SSP245,2052,FGOALS,349.429,44.1751,126.76,111.814
SSP245,2053,FGOALS,362.52,35.0776,64.5566,47.796
SSP245,2054,FGOALS,396.664,26.207,128.254,126.815
SSP245,2055,FGOALS,346.701,38.0276,68.5924,89.1861
SSP245,2056,FGOALS,334.896,61.1772,56.797,124.136
SSP245,2057,FGOALS,362.402,13.6746,56.4817,162.53
SSP245,2058,FGOALS,319.836,161.717,92.2702,99.4655
SSP245,2059,FGOALS,365.851,40.0075,81.1501,71.2336
SSP245,2060,FGOALS,364.622,103.315,58.7469,62.0694
SSP245,2061,FGOALS,382.738,78.2545,74.3988,48.9986
SSP245,2062,FGOALS,343.634,31.9354,79.2444,101.47
SSP245,2063,FGOALS,358.831,65.5521,94.3435,51.027
SSP245,2064,FGOALS,383.499,48.1576,81.195,69.0196
SSP245,2065,FGOALS,337.223,86.3317,74.8892,65.5207
SSP245,2066,FGOALS,352.513,96.2981,38.095,84.2794
SSP245,2067,FGOALS,378.757,13.314,93.3741,62.103
SSP245,2068,FGOALS,368.256,70.0879,94.6629,51.7537
SSP245,2069,FGOALS,386.744,68.7854,117.026,118.985
SSP245,2070,FGOALS,357.874,29.5132,48.6116,101.898
SSP245,2080,FGOALS,353.847,52.5099,218.685,95.9273
SSP245,2081,FGOALS,380.362,146.028,31.1158,73.416
SSP245,2082,FGOALS,354.951,57.5284,90.94,79.2983
SSP245,2083,FGOALS,356.063,57.9587,78.2225,72.762
SSP245,2084,FGOALS,342.299,124.66,54.7426,49.9429
SSP245,2085,FGOALS,355.342,90.7674,67.4535,76.9294
SSP245,2086,FGOALS,369.192,49.3733,101.984,98.3126
SSP245,2087,FGOALS,365.518,125.565,59.7628,131.982
SSP245,2088,FGOALS,381.396,70.2132,72.1042,91.5837
SSP245,2089,FGOALS,359.138,65.4357,81.6634,121.904
SSP245,2090,FGOALS,371.921,86.0321,82.087,108.413
SSP245,2091,FGOALS,347.463,82.241,41.2418,56.9268
SSP245,2092,FGOALS,393.347,67.327,71.4745,64.7665
SSP245,2093,FGOALS,386.359,8.1913,51.1221,33.0547
SSP245,2094,FGOALS,351.612,75.8043,115.04,102.627
SSP245,2095,FGOALS,384.618,88.7495,45.4354,56.0886
SSP245,2096,FGOALS,344.412,52.9666,52.5275,116.203
SSP245,2097,FGOALS,376.026,101.62,134.246,114.17
SSP245,2098,FGOALS,349.005,97.5051,131.455,98.0539
SSP245,2099,FGOALS,378.303,75.2792,67.3925,101.452
SSP245,2100,FGOALS,345.374,69.6106,94.0035,94.9991
SSP370,2023,FGOALS,340.382,198.026,104.781,85.994
SSP370,2024,FGOALS,331.547,88.4768,86.9204,130.669
SSP370,2025,FGOALS,335.759,45.6334,102.177,92.5048
SSP370,2026,FGOALS,344.207,74.5615,220.249,72.7603
SSP370,2027,FGOALS,361.271,27.3014,101.196,108.356
SSP370,2028,FGOALS,349.243,72.9101,54.7115,58.6758
SSP370,2029,FGOALS,365.66,86.7651,44.6574,98.6832
SSP370,2030,FGOALS,344.582,79.9815,58.1417,89.0037
SSP370,2031,FGOALS,352.491,115.754,89.0251,112.665
SSP370,2032,FGOALS,390.396,82.0561,99.5148,139.403
SSP370,2033,FGOALS,335.976,47.2337,84.8809,58.6695
SSP370,2034,FGOALS,338.605,52.1107,122.926,77.8009
SSP370,2035,FGOALS,350.858,133.838,58.6279,84.5926
SSP370,2036,FGOALS,372.454,91.5435,139.735,89.8168
SSP370,2037,FGOALS,368.803,81.9279,57.8016,69.2744
SSP370,2038,FGOALS,375.066,74.5231,57.6902,61.3043
SSP370,2039,FGOALS,370.806,79.1284,92.6928,46.2549
SSP370,2040,FGOALS,333.833,63.5872,52.1206,47.5215
SSP370,2041,FGOALS,362.461,73.4195,109.589,100.703
SSP370,2042,FGOALS,360.742,81.1543,59.7358,59.7933
SSP370,2043,FGOALS,360.682,72.4601,46.3977,131.812
SSP370,2050,FGOALS,322.251,60.7482,76.421,61.3279
SSP370,2051,FGOALS,365.488,45.7562,64.3976,74.5177
SSP370,2052,FGOALS,381.981,42.074,86.5503,94.9644
SSP370,2053,FGOALS,376.185,51.4601,86.2551,115.43
SSP370,2054,FGOALS,378.664,95.2703,102.682,128.879
SSP370,2055,FGOALS,352.105,103.448,59.052,84.2194
SSP370,2056,FGOALS,374.458,82.8533,55.0217,61.5123
SSP370,2057,FGOALS,385.47,71.6225,84.6744,48.5181
SSP370,2058,FGOALS,394.291,77.5222,88.6325,39.5376
SSP370,2059,FGOALS,374.739,105.48,53.0196,62.6179
SSP370,2060,FGOALS,390.145,112.195,41.5135,84.4489
SSP370,2061,FGOALS,363.776,88.3614,66.7969,73.8505
SSP370,2062,FGOALS,377.647,52.5556,84.4446,48.5907
SSP370,2063,FGOALS,399.274,71.5773,70.0456,52.2416
SSP370,2064,FGOALS,376.981,64.4268,94.2816,69.3509
SSP370,2065,FGOALS,385.348,43.1242,75.4928,70.3418
SSP370,2066,FGOALS,376.326,56.705,57.2215,85.6237
SSP370,2067,FGOALS,387.403,24.8748,102.826,67.8551
SSP370,2068,FGOALS,384.902,57.7957,83.7637,75.314
SSP370,2069,FGOALS,343.778,65.0228,84.3352,72.7898
SSP370,2070,FGOALS,367.343,96.2074,74.9248,71.644
SSP370,2080,FGOALS,376.053,83.5972,49.3476,112.34
SSP370,2081,FGOALS,393.519,54.9985,58.3825,118.87
SSP370,2082,FGOALS,405.17,33.3146,79.4925,100.19
SSP370,2083,FGOALS,407.852,41.3021,85.2711,98.499
SSP370,2084,FGOALS,411.443,47.524,71.3484,90.4329
SSP370,2085,FGOALS,354.802,70.7211,96.0458,64.0138
SSP370,2086,FGOALS,399.046,139.679,95.6406,71.4831
SSP370,2087,FGOALS,394.806,114.733,64.8695,99.3135
SSP370,2088,FGOALS,384.897,123.902,101.07,81.7973
SSP370,2089,FGOALS,411.958,69.3337,82.9331,81.5401
SSP370,2090,FGOALS,397.444,55.2953,58.2624,108.735
SSP370,2091,FGOALS,379.952,75.3157,86.126,114.153
SSP370,2092,FGOALS,383.71,90.6816,53.0246,64.8342
SSP370,2093,FGOALS,405.983,76.3088,45.5211,30.0047
SSP370,2094,FGOALS,414.672,64.948,74.2087,52.7201
SSP370,2095,FGOALS,422.762,75.5532,74.1259,51.4655
SSP370,2096,FGOALS,415.278,76.5751,135.186,71.7107
SSP370,2097,FGOALS,420.335,93.1699,126.682,58.8538
SSP370,2098,FGOALS,407.976,86.6092,74.5526,48.3971
SSP370,2099,FGOALS,393.978,95.4544,81.0656,76.3243
SSP370,2100,FGOALS,418.014,97.733,119.985,117.374
SSP585,2023,FGOALS,346.886,122.569,131.778,106.502
SSP585,2024,FGOALS,388.216,39.4683,46.0197,61.2416
SSP585,2025,FGOALS,365.293,44.777,74.9734,124.687
SSP585,2026,FGOALS,376.754,127.232,62.3877,144.22
SSP585,2027,FGOALS,383.357,69.4651,86.196,58.4037
SSP585,2028,FGOALS,328.995,60.5554,101.849,290.071
SSP585,2029,FGOALS,342.881,39.5371,66.9164,48.3214
SSP585,2030,FGOALS,339.55,83.6534,79.246,25.2424
SSP585,2031,FGOALS,357.415,121.074,78.2962,52.67
SSP585,2032,FGOALS,346.806,81.7473,145.527,109.522
SSP585,2033,FGOALS,373.77,35.1457,76.9471,79.6693
SSP585,2034,FGOALS,385.21,56.4625,67.7403,61.4039
SSP585,2035,FGOALS,324.135,84.4172,68.1332,44.0409
SSP585,2036,FGOALS,368.858,161.02,58.4606,151.337
SSP585,2037,FGOALS,357.488,36.4596,110.178,84.3815
SSP585,2038,FGOALS,381.526,69.2148,67.3545,116.821
SSP585,2039,FGOALS,338.783,56.1241,79.7354,73.4713
SSP585,2040,FGOALS,347.703,49.7743,53.6725,88.8032
SSP585,2041,FGOALS,322.451,113.527,99.8703,162.583
SSP585,2042,FGOALS,354.493,66.3854,153.773,51.745
SSP585,2043,FGOALS,352.591,67.7199,163.978,37.7784
SSP585,2050,FGOALS,381.649,80.2575,73.975,116.369
SSP585,2051,FGOALS,379.802,67.4887,72.0439,143.043
SSP585,2052,FGOALS,360.055,32.9885,32.6762,24.754
SSP585,2053,FGOALS,376.318,42.6047,163.347,62.3987
SSP585,2054,FGOALS,361.071,9.24841,74.3547,144.202
SSP585,2055,FGOALS,356.125,83.5342,113.837,156.529
SSP585,2056,FGOALS,401.455,80.6533,21.681,39.0911
SSP585,2057,FGOALS,368.895,44.0825,56.5916,65.121
SSP585,2058,FGOALS,366.364,39.6377,98.5968,65.4132
SSP585,2059,FGOALS,392.973,124.692,76.166,121.609
SSP585,2060,FGOALS,366.611,62.4407,54.6386,104.42
SSP585,2061,FGOALS,374.184,113.992,78.4784,30.3725
SSP585,2062,FGOALS,408.186,99.4751,120.6,152.285
SSP585,2063,FGOALS,382.237,62.2732,48.5511,180.875
SSP585,2064,FGOALS,399.529,18.9358,144.115,62.5083
SSP585,2065,FGOALS,412.743,80.322,96.9889,48.4191
SSP585,2066,FGOALS,379.696,48.8795,52.887,97.2999
SSP585,2067,FGOALS,414.813,65.3047,119.796,89.4478
SSP585,2068,FGOALS,346.786,52.1654,115.549,42.4242
SSP585,2069,FGOALS,397.805,66.0786,87.4668,148.378
SSP585,2070,FGOALS,371.248,68.435,122.062,55.4882
SSP585,2080,FGOALS,385.701,80.8792,53.5333,89.6995
SSP585,2081,FGOALS,403.72,128.027,78.8665,144.237
SSP585,2082,FGOALS,379.947,112.74,95.8531,57.7503
SSP585,2083,FGOALS,386.094,97.5061,99.3106,179.695
SSP585,2084,FGOALS,401.55,120.667,123.407,105.162
SSP585,2085,FGOALS,417.302,63.9498,73.3531,62.4283
SSP585,2086,FGOALS,405.597,143.316,85.2348,65.6464
SSP585,2087,FGOALS,370.663,41.0643,41.3311,34.0582
SSP585,2088,FGOALS,381.419,90.4333,74.531,35.3877
SSP585,2089,FGOALS,410.156,63.8929,91.1782,109.087
SSP585,2090,FGOALS,430.148,145.335,80.6355,83.9828
SSP585,2091,FGOALS,409.693,51.6095,59.9697,41.3594
SSP585,2092,FGOALS,409.885,109.121,81.1959,56.6053
SSP585,2093,FGOALS,415.186,59.9476,29.4654,65.8216
SSP585,2094,FGOALS,408.013,124.363,52.6728,69.2036
SSP585,2095,FGOALS,435.906,73.2975,113.785,92.9381
SSP585,2096,FGOALS,401.255,139.348,31.7568,31.3433
SSP585,2097,FGOALS,389.657,72.9655,118.185,108.081
SSP585,2098,FGOALS,429.642,61.9478,64.7542,35.2536
SSP585,2099,FGOALS,382.384,31.6997,64.4268,54.8938
SSP585,2100,FGOALS,396.954,66.3131,119.978,159.048
SSP126,2023,IPSLCM6,449.714,14.4455,64.9088,132.804
SSP126,2024,IPSLCM6,377.76,67.1508,115.987,171.207
SSP126,2025,IPSLCM6,467.621,65.3136,26.6893,102.219
SSP126,2026,IPSLCM6,447.958,51.9569,104.971,96.2783
SSP126,2027,IPSLCM6,483.69,17.8802,36.3714,95.7607
SSP126,2028,IPSLCM6,426.29,88.0439,26.3549,74.9335
SSP126,2029,IPSLCM6,436.447,24.4189,164.527,95.0653
SSP126,2030,IPSLCM6,424.903,46.0531,80.2123,100.215
SSP126,2031,IPSLCM6,479.892,49.3821,90.8165,210.705
SSP126,2032,IPSLCM6,349.012,98.6872,83.6904,127.18
SSP126,2033,IPSLCM6,348.232,33.2705,67.7336,107.157
SSP126,2034,IPSLCM6,437.859,50.5525,63.5383,83.3204
SSP126,2035,IPSLCM6,524.697,5.70824,33.4035,38.7246
SSP126,2036,IPSLCM6,435.818,76.3781,71.905,99.7642
SSP126,2037,IPSLCM6,390.152,22.6146,63.302,113.306
SSP126,2038,IPSLCM6,339.904,63.3759,148.855,59.0762
SSP126,2039,IPSLCM6,344.576,96.8117,130.259,140.185
SSP126,2040,IPSLCM6,475.116,58.5707,56.01,104.428
SSP126,2041,IPSLCM6,452.445,48.0968,26.2058,89.5335
SSP126,2042,IPSLCM6,457.309,35.0574,49.8335,34.819
SSP126,2043,IPSLCM6,398.121,6.2511,34.6254,59.6475
SSP126,2050,IPSLCM6,421.608,22.8005,142.163,169.838
SSP126,2051,IPSLCM6,361.342,124.599,138.041,83.704
SSP126,2052,IPSLCM6,452.696,48.1604,60.7918,117.03
SSP126,2053,IPSLCM6,514.761,57.0629,10.1862,77.4892
SSP126,2054,IPSLCM6,494.44,25.7748,56.6754,40.0834
SSP126,2055,IPSLCM6,551.551,28.0649,134.461,122.868
SSP126,2056,IPSLCM6,414.935,31.3981,42.4005,93.6785
SSP126,2057,IPSLCM6,427.439,12.5756,84.2597,109.03
SSP126,2058,IPSLCM6,449.864,12.5922,84.6559,115.475
SSP126,2059,IPSLCM6,427.901,92.7034,63.747,74.6897
SSP126,2060,IPSLCM6,508.98,16.9622,81.1616,112.672
SSP126,2061,IPSLCM6,507.923,15.8868,27.7223,204.384
SSP126,2062,IPSLCM6,440.79,39.9018,75.9304,40.9158
SSP126,2063,IPSLCM6,466.672,66.2137,100.053,109.358
SSP126,2064,IPSLCM6,441.613,22.3141,28.7417,76.04
SSP126,2065,IPSLCM6,384.25,77.6875,80.8687,67.7916
SSP126,2066,IPSLCM6,329.801,50.7137,73.2547,115.828
SSP126,2067,IPSLCM6,490.974,14.6114,25.2167,38.6905
SSP126,2068,IPSLCM6,398.984,15.7517,138.055,14.3221
SSP126,2069,IPSLCM6,447.513,18.2897,60.3191,95.1133
SSP126,2070,IPSLCM6,388.557,34.8438,62.0233,222.096
SSP126,2080,IPSLCM6,441.231,54.6691,88.8611,114.193
SSP126,2081,IPSLCM6,424.26,104.94,83.6277,60.9541
SSP126,2082,IPSLCM6,379.529,54.2351,57.239,158.153
SSP126,2083,IPSLCM6,488.742,39.4977,43.1435,69.1865
SSP126,2084,IPSLCM6,491.906,71.823,60.1683,85.6144
SSP126,2085,IPSLCM6,463.698,52.6183,84.9279,148.049
SSP126,2086,IPSLCM6,557.319,16.2957,39.4085,80.5558
SSP126,2087,IPSLCM6,471.332,66.5357,157.081,108.652
SSP126,2088,IPSLCM6,389.555,67.2252,69.2203,79.6439
SSP126,2089,IPSLCM6,423.936,49.4391,70.8823,52.4436
SSP126,2090,IPSLCM6,444.302,55.5396,71.7625,48.8032
SSP126,2091,IPSLCM6,461.567,62.6032,124.356,192.756
SSP126,2092,IPSLCM6,540.644,9.81937,10.1003,100.008
SSP126,2093,IPSLCM6,404.181,112.164,101.831,140.05
SSP126,2094,IPSLCM6,431.91,45.4399,72.9647,88.0774
SSP126,2095,IPSLCM6,483.179,56.4845,44.0041,86.7492
SSP126,2096,IPSLCM6,450.683,67.8459,42.1848,93.1441
SSP126,2097,IPSLCM6,499.882,21.6984,50.9645,67.5684
SSP126,2098,IPSLCM6,418.982,73.5243,81.3506,66.0495
SSP126,2099,IPSLCM6,410.482,45.4903,113.817,108.656
SSP126,2100,IPSLCM6,416.522,68.3785,58.9326,42.6342
SSP245,2023,IPSLCM6,492.391,17.4406,40.2168,140.185
SSP245,2024,IPSLCM6,379.851,73.8049,39.6743,191.991
SSP245,2025,IPSLCM6,418.151,12.7352,32.9603,102.948
SSP245,2026,IPSLCM6,430.152,20.901,46.647,146.963
SSP245,2027,IPSLCM6,395.548,88.1909,74.1791,67.0046
SSP245,2028,IPSLCM6,436.967,33.734,83.0786,119.737
SSP245,2029,IPSLCM6,544.752,27.8606,41.8929,117.76
SSP245,2030,IPSLCM6,503.435,33.1693,85.846,86.0105
SSP245,2031,IPSLCM6,410.169,79.3229,179.335,85.0644
SSP245,2032,IPSLCM6,398.379,102.584,37.1346,150.315
SSP245,2033,IPSLCM6,426.591,37.8004,148.234,87.4665
SSP245,2034,IPSLCM6,472.39,31.1527,80.644,42.0689
SSP245,2035,IPSLCM6,498.278,17.8584,86.0477,54.5231
SSP245,2036,IPSLCM6,433.097,56.9048,35.5443,24.5807
SSP245,2037,IPSLCM6,346.588,89.185,71.0501,100.429
SSP245,2038,IPSLCM6,442.93,58.5465,27.6469,75.2667
SSP245,2039,IPSLCM6,452.456,26.982,82.4801,155.596
SSP245,2040,IPSLCM6,398.448,102.247,141.253,112.375
SSP245,2041,IPSLCM6,457.165,13.5882,27.7374,105.576
SSP245,2042,IPSLCM6,482.327,79.0259,66.53,41.4399
SSP245,2043,IPSLCM6,443.553,98.2312,100.668,82.4638
SSP245,2050,IPSLCM6,477.192,25.1262,58.942,109.042
SSP245,2051,IPSLCM6,418.324,33.5777,70.1116,27.8891
SSP245,2052,IPSLCM6,532.076,31.2108,27.5864,95.6062
SSP245,2053,IPSLCM6,399.202,62.1603,169.495,133.079
SSP245,2054,IPSLCM6,433.688,89.087,50.2448,116.931
SSP245,2055,IPSLCM6,486.636,27.6181,83.0464,99.1405
SSP245,2056,IPSLCM6,557.91,32.4483,15.2893,49.3142
SSP245,2057,IPSLCM6,499.83,45.9048,85.8673,136.563
SSP245,2058,IPSLCM6,415.076,76.0969,81.16,130.384
SSP245,2059,IPSLCM6,508.065,78.149,35.6244,60.7704
SSP245,2060,IPSLCM6,439.08,61.1242,55.1087,151.627
SSP245,2061,IPSLCM6,412.96,71.4495,78.7672,161.4
SSP245,2062,IPSLCM6,418.102,21.2314,82.0735,160.482
SSP245,2063,IPSLCM6,464.468,42.3205,26.1122,83.7125
SSP245,2064,IPSLCM6,479.428,3.227,36.6352,42.422
SSP245,2065,IPSLCM6,497.643,52.0185,27.5959,130.166
SSP245,2066,IPSLCM6,473.53,30.1878,66.5602,63.8658
SSP245,2067,IPSLCM6,443.373,92.3859,147.528,25.0474
SSP245,2068,IPSLCM6,459.112,89.266,60.0376,47.5391
SSP245,2069,IPSLCM6,418.528,10.0922,14.2924,41.4341
SSP245,2070,IPSLCM6,508.432,81.4262,28.0074,98.3613
SSP245,2080,IPSLCM6,477.18,70.472,52.5775,64.4634
SSP245,2081,IPSLCM6,492.317,38.4927,57.3569,62.5819
SSP245,2082,IPSLCM6,523.594,62.0829,54.7909,97.0662
SSP245,2083,IPSLCM6,563.816,9.16772,57.6166,51.1525
SSP245,2084,IPSLCM6,456.313,105.339,75.1367,80.944
SSP245,2085,IPSLCM6,490.666,103.996,61.5935,122.771
SSP245,2086,IPSLCM6,541.727,28.7935,38.7451,34.2285
SSP245,2087,IPSLCM6,567.929,1.79954,41.4295,94.3214
SSP245,2088,IPSLCM6,505.319,39.049,36.6995,116.695
SSP245,2089,IPSLCM6,484.374,30.1351,63.9512,88.1379
SSP245,2090,IPSLCM6,468.458,25.1606,43.811,184.993
SSP245,2091,IPSLCM6,496.92,74.03,26.4619,34.835
SSP245,2092,IPSLCM6,471.79,40.2994,54.5404,26.1313
SSP245,2093,IPSLCM6,500.81,34.533,64.8574,47.763
SSP245,2094,IPSLCM6,445.327,12.0836,42.9691,107.611
SSP245,2095,IPSLCM6,510.97,34.4512,172.564,148.524
SSP245,2096,IPSLCM6,445.4,44.7482,52.7796,115.55
SSP245,2097,IPSLCM6,494.242,77.3779,63.5963,18.7272
SSP245,2098,IPSLCM6,503.948,64.0068,57.5852,66.2464
SSP245,2099,IPSLCM6,513.388,40.933,27.8264,109.971
SSP245,2100,IPSLCM6,447.933,43.4708,43.2221,74.1533
SSP370,2023,IPSLCM6,457.156,60.6592,58.1074,125
SSP370,2024,IPSLCM6,423.913,45.1777,34.3382,54.1824
SSP370,2025,IPSLCM6,386.563,16.3817,95.4164,56.9772
SSP370,2026,IPSLCM6,459.025,64.8105,58.9858,62.8482
SSP370,2027,IPSLCM6,404.441,72.7804,91.9779,44.8006
SSP370,2028,IPSLCM6,458.034,5.28062,44.9697,193.636
SSP370,2029,IPSLCM6,382.467,67.2604,51.3439,142.416
SSP370,2030,IPSLCM6,422.092,19.384,78.3332,68.447
SSP370,2031,IPSLCM6,399.82,37.2848,30.9847,125.684
SSP370,2032,IPSLCM6,497.897,14.7906,66.4032,44.813
SSP370,2033,IPSLCM6,412.59,15.0882,72.3169,121.044
SSP370,2034,IPSLCM6,457.85,22.866,90.0712,77.4002
SSP370,2035,IPSLCM6,323.928,49.6755,67.2855,116.963
SSP370,2036,IPSLCM6,446.138,3.42912,127.789,78.3997
SSP370,2037,IPSLCM6,401.13,30.1147,74.1873,83.0624
SSP370,2038,IPSLCM6,423.312,40.5962,46.4274,98.7647
SSP370,2039,IPSLCM6,448.804,28.4083,97.1713,75.2944
SSP370,2040,IPSLCM6,435.32,25.129,73.6952,60.8439
SSP370,2041,IPSLCM6,483.643,24.9435,73.6249,16.5592
SSP370,2042,IPSLCM6,443.539,40.604,153.949,173.915
SSP370,2043,IPSLCM6,469.316,55.4623,54.8976,39.6337
SSP370,2050,IPSLCM6,480.251,16.7175,88.7479,142.091
SSP370,2051,IPSLCM6,538.67,23.9186,96.4177,86.3712
SSP370,2052,IPSLCM6,497.947,68.9199,73.4018,118.389
SSP370,2053,IPSLCM6,500.888,95.4866,70.1975,115.213
SSP370,2054,IPSLCM6,533.552,1.12473,58.6149,61.4772
SSP370,2055,IPSLCM6,434.677,53.9609,84.1439,59.4941
SSP370,2056,IPSLCM6,466.218,45.7555,84.0125,52.033
SSP370,2057,IPSLCM6,464.373,56.1755,77.1206,68.9029
SSP370,2058,IPSLCM6,373.917,32.8832,188.908,97.6687
SSP370,2059,IPSLCM6,486.284,128.978,50.8044,36.2853
SSP370,2060,IPSLCM6,422.613,64.1714,59.2529,60.32
SSP370,2061,IPSLCM6,446.758,59.1445,82.3726,38.1821
SSP370,2062,IPSLCM6,427.406,67.108,48.0919,93.2756
SSP370,2063,IPSLCM6,418.269,79.2996,93.3559,107.334
SSP370,2064,IPSLCM6,594.101,22.3082,32.6137,58.4616
SSP370,2065,IPSLCM6,472.507,73.2283,78.1765,104.02
SSP370,2066,IPSLCM6,511.87,85.9313,60.1569,105.113
SSP370,2067,IPSLCM6,468.031,6.69875,50.7056,55.3074
SSP370,2068,IPSLCM6,485.112,40.1074,70.9978,50.7146
SSP370,2069,IPSLCM6,455.949,59.6027,95.1537,37.3724
SSP370,2070,IPSLCM6,529.089,21.5702,28.6463,154.39
SSP370,2080,IPSLCM6,526.642,124.183,39.27,41.4686
SSP370,2081,IPSLCM6,573.994,96.4232,44.8932,24.3333
SSP370,2082,IPSLCM6,461.964,19.7688,96.9103,85.3061
SSP370,2083,IPSLCM6,489.533,22.4844,69.9478,140.059
SSP370,2084,IPSLCM6,503.685,47.7625,91.0988,133.937
SSP370,2085,IPSLCM6,528.284,46.0833,70.4685,112.772
SSP370,2086,IPSLCM6,460.712,26.0089,41.8219,75.0192
SSP370,2087,IPSLCM6,636.212,45.16,42.4139,37.4566
SSP370,2088,IPSLCM6,456.634,70.066,127.944,58.5473
SSP370,2089,IPSLCM6,556.58,9.38159,58.2773,76.1685
SSP370,2090,IPSLCM6,482.303,22.3337,54.8709,156.41
SSP370,2091,IPSLCM6,600.454,38.7506,50.8807,71.4519
SSP370,2092,IPSLCM6,551.557,63.5276,86.3044,63.5585
SSP370,2093,IPSLCM6,490.04,13.9663,78.722,165.254
SSP370,2094,IPSLCM6,510.867,67.3376,85.0926,150.977
SSP370,2095,IPSLCM6,566.019,8.72375,29.5482,45.0135
SSP370,2096,IPSLCM6,548.207,94.5368,87.8673,49.4555
SSP370,2097,IPSLCM6,482.53,40.95,77.3829,191.575
SSP370,2098,IPSLCM6,580.873,31.0921,17.5026,89.1969
SSP370,2099,IPSLCM6,534.161,55.5076,11.7513,81.4542
SSP370,2100,IPSLCM6,496.573,29.7627,57.9598,80.4913
SSP585,2023,IPSLCM6,458.389,37.1518,38.5295,125.386
SSP585,2024,IPSLCM6,468.747,3.23922,96.1426,130.471
SSP585,2025,IPSLCM6,415.312,90.9043,129.625,19.2323
SSP585,2026,IPSLCM6,526.532,53.7712,65.0761,147.592
SSP585,2027,IPSLCM6,364.596,52.9351,68.6729,87.3335
SSP585,2028,IPSLCM6,380.045,48.5088,94.7172,34.5762
SSP585,2029,IPSLCM6,414.648,56.5343,149.61,42.4995
SSP585,2030,IPSLCM6,340.829,61.2641,53.87,166.702
SSP585,2031,IPSLCM6,411.569,39.0017,46.2803,98.7885
SSP585,2032,IPSLCM6,481.952,63.5541,48.4137,21.8593
SSP585,2033,IPSLCM6,480.271,51.5838,43.8497,19.3254
SSP585,2034,IPSLCM6,366.173,74.601,97.5454,90.958
SSP585,2035,IPSLCM6,487.064,26.1869,70.8642,22.0603
SSP585,2036,IPSLCM6,407.574,1.39758,87.5464,41.3441
SSP585,2037,IPSLCM6,448.715,75.968,107.065,49.1323
SSP585,2038,IPSLCM6,412.734,57.7409,20.4741,118.574
SSP585,2039,IPSLCM6,471.369,18.0946,51.9272,53.0536
SSP585,2040,IPSLCM6,425.523,10.0959,116.68,71.3511
SSP585,2041,IPSLCM6,456.301,19.3533,60.5388,103.072
SSP585,2042,IPSLCM6,457.889,32.027,47.6327,123.689
SSP585,2043,IPSLCM6,449.975,43.2598,74.8102,80.4231
SSP585,2050,IPSLCM6,516.251,63.9219,39.859,59.1458
SSP585,2051,IPSLCM6,392.641,49.7822,30.6705,71.752
SSP585,2052,IPSLCM6,525.757,76.4545,56.4703,21.2512
SSP585,2053,IPSLCM6,510.267,113.897,56.4259,44.1801
SSP585,2054,IPSLCM6,449.198,101.895,54.4388,40.2006
SSP585,2055,IPSLCM6,529.122,47.8259,74.1319,66.1944
SSP585,2056,IPSLCM6,527.826,3.44515,23.5108,39.2238
SSP585,2057,IPSLCM6,499.581,48.7019,80.4685,54.6223
SSP585,2058,IPSLCM6,512.236,58.3971,65.0471,103.067
SSP585,2059,IPSLCM6,507.931,7.27124,63.6487,123.575
SSP585,2060,IPSLCM6,433.44,101.835,49.2767,89.4864
SSP585,2061,IPSLCM6,574.469,7.82519,104.214,74.5406
SSP585,2062,IPSLCM6,584.399,69.8248,5.78084,82.4806
SSP585,2063,IPSLCM6,533.276,16.7668,42.9346,45.0349
SSP585,2064,IPSLCM6,473.731,40.4903,102.72,71.2728
SSP585,2065,IPSLCM6,542.046,29.7766,39.9905,52.8141
SSP585,2066,IPSLCM6,488.643,82.8103,135.19,92.5295
SSP585,2067,IPSLCM6,497.238,201.821,31.7798,64.2253
SSP585,2068,IPSLCM6,525.553,30.0511,45.303,60.9159
SSP585,2069,IPSLCM6,517.957,37.2759,141.351,58.1386
SSP585,2070,IPSLCM6,470.331,79.0838,69.3842,36.5162
SSP585,2080,IPSLCM6,557.438,42.7357,57.5188,73.7744
SSP585,2081,IPSLCM6,526.499,57.277,72.9635,58.6181
SSP585,2082,IPSLCM6,524.474,30.0833,74.5918,41.2512
SSP585,2083,IPSLCM6,635.451,28.8255,38.4771,143.347
SSP585,2084,IPSLCM6,466.4,23.2416,7.25093,101.164
SSP585,2085,IPSLCM6,600.977,27.3976,53.1827,88.952
SSP585,2086,IPSLCM6,589.829,6.55588,82.707,70.143
SSP585,2087,IPSLCM6,564.843,27.7845,51.142,162.879
SSP585,2088,IPSLCM6,534.7,70.913,61.9918,96.9107
SSP585,2089,IPSLCM6,587.704,22.0236,7.58712,141.274
SSP585,2090,IPSLCM6,539.172,23.4197,63.0701,40.5369
SSP585,2091,IPSLCM6,579.616,153.654,49.0535,103.12
SSP585,2092,IPSLCM6,567.138,47.1115,15.9904,39.8378
SSP585,2093,IPSLCM6,623.177,5.0819,26.3897,88.5326
SSP585,2094,IPSLCM6,651.499,16.2899,43.4948,119.52
SSP585,2095,IPSLCM6,619.206,47.3317,58.3686,85.4058
SSP585,2096,IPSLCM6,608.805,67.211,13.4485,81.0235
SSP585,2097,IPSLCM6,621.816,7.56704,40.3353,47.2986
SSP585,2098,IPSLCM6,575.284,71.9973,37.1702,95.4894
SSP585,2099,IPSLCM6,607.974,6.92365,36.8901,19.4012
SSP585,2100,IPSLCM6,630.339,79.6248,95.5221,52.9237
SSP126,2023,CNRMESM,372.641,19.8331,107.915,177.779
SSP126,2024,CNRMESM,322.785,37.5291,133.512,204.954
SSP126,2025,CNRMESM,363.055,81.8795,99.2819,192.874
SSP126,2026,CNRMESM,389.629,77.6527,105.09,124.867
SSP126,2027,CNRMESM,386.609,80.8544,62.7228,95.0143
SSP126,2028,CNRMESM,387.543,41.3845,140.202,98.1267
SSP126,2029,CNRMESM,393.947,37.9838,131.394,145.343
SSP126,2030,CNRMESM,370.359,52.1978,36.7128,153.835
SSP126,2031,CNRMESM,332.36,99.6116,91.0421,252.463
SSP126,2032,CNRMESM,307.201,79.9069,126.662,122.125
SSP126,2033,CNRMESM,418.096,57.6853,68.3545,105.273
SSP126,2034,CNRMESM,331.702,46.1337,62.0584,127.522
SSP126,2035,CNRMESM,381.642,50.7188,51.226,78.2716
SSP126,2036,CNRMESM,364.236,100.09,98.9553,83.7193
SSP126,2037,CNRMESM,414.531,55.6051,79.3363,51.2835
SSP126,2038,CNRMESM,429.462,56.9115,82.2237,117.871
SSP126,2039,CNRMESM,370.964,96.8861,76.204,176.801
SSP126,2040,CNRMESM,322.345,126.937,123.214,75.9854
SSP126,2041,CNRMESM,366.37,88.0424,39.4287,182.289
SSP126,2042,CNRMESM,451.695,20.0776,43.8322,127.778
SSP126,2043,CNRMESM,384.551,99.6673,79.5007,144.053
SSP126,2050,CNRMESM,405.328,79.5903,44.7048,107.319
SSP126,2051,CNRMESM,435.345,54.1977,86.5877,146.98
SSP126,2052,CNRMESM,363.746,83.067,43.1041,175.035
SSP126,2053,CNRMESM,379.632,100.931,38.9926,106.139
SSP126,2054,CNRMESM,379.899,95.6707,84.833,58.756
SSP126,2055,CNRMESM,370.119,69.5178,124.151,180.058
SSP126,2056,CNRMESM,386.815,58.2744,112.388,175.385
SSP126,2057,CNRMESM,358.814,53.1207,133.561,215.273
SSP126,2058,CNRMESM,353.137,74.2228,163.747,103.898
SSP126,2059,CNRMESM,373.757,34.5408,66.0335,227.932
SSP126,2060,CNRMESM,366.095,73.1081,150.684,131.64
SSP126,2061,CNRMESM,347.464,100.333,120.717,94.8329
SSP126,2062,CNRMESM,404.648,46.0263,72.5294,55.5502
SSP126,2063,CNRMESM,437.997,135.456,100.563,79.1246
SSP126,2064,CNRMESM,421.383,100.958,48.3661,87.3883
SSP126,2065,CNRMESM,370.998,26.3807,85.996,152.424
SSP126,2066,CNRMESM,406.215,40.1498,146.427,25.0867
SSP126,2067,CNRMESM,445.9,13.8106,108.578,33.6702
SSP126,2068,CNRMESM,454.874,70.3353,27.3744,44.0513
SSP126,2069,CNRMESM,365.09,96.3836,37.9451,207.09
SSP126,2070,CNRMESM,408.006,27.9686,50.004,110.796
SSP126,2080,CNRMESM,384.714,40.1889,135.575,103.931
SSP126,2081,CNRMESM,368.355,114.646,103.645,92.613
SSP126,2082,CNRMESM,487.644,16.0133,52.2335,62.0578
SSP126,2083,CNRMESM,309.334,38.201,57.0538,148.257
SSP126,2084,CNRMESM,464.214,57.8917,93.0222,94.163
SSP126,2085,CNRMESM,437.281,110.087,92.3927,116.715
SSP126,2086,CNRMESM,380.468,74.3725,35.1291,55.1997
SSP126,2087,CNRMESM,398.241,57.4144,59.1636,105.451
SSP126,2088,CNRMESM,298.637,17.9088,136.436,110.342
SSP126,2089,CNRMESM,420.619,100.187,54.4959,117.408
SSP126,2090,CNRMESM,330.667,84.0367,68.0913,98.9366
SSP126,2091,CNRMESM,373.272,99.1783,69.9749,63.8112
SSP126,2092,CNRMESM,334.367,53.857,83.1687,76.4062
SSP126,2093,CNRMESM,356.396,55.0298,87.0252,112.914
SSP126,2094,CNRMESM,409.075,99.5116,119.377,203.27
SSP126,2095,CNRMESM,338.216,17.619,93.9956,290.282
SSP126,2096,CNRMESM,347.783,88.6081,104.541,215.39
SSP126,2097,CNRMESM,365.564,81.2868,58.0062,183.945
SSP126,2098,CNRMESM,405.635,71.049,34.8152,81.2037
SSP126,2099,CNRMESM,359.109,75.2673,67.834,129.893
SSP126,2100,CNRMESM,347.249,72.2891,97.0697,78.6628
SSP245,2023,CNRMESM,372.479,96.08,118.007,127.922
SSP245,2024,CNRMESM,265.313,135.219,84.8271,104.578
SSP245,2025,CNRMESM,270.817,66.5403,147.642,157.242
SSP245,2026,CNRMESM,370.352,35.879,102.28,117.16
SSP245,2027,CNRMESM,377.266,54.0241,89.5981,98.0929
SSP245,2028,CNRMESM,343.082,86.0551,126.273,225.155
SSP245,2029,CNRMESM,330.75,134.821,107.857,104.059
SSP245,2030,CNRMESM,272.163,105.079,120.53,152.255
SSP245,2031,CNRMESM,336.46,68.6799,78.9961,86.7299
SSP245,2032,CNRMESM,433.143,78.7331,112.594,94.5363
SSP245,2033,CNRMESM,300.665,45.7228,66.6866,93.7417
SSP245,2034,CNRMESM,421.623,96.8698,171.267,86.1206
SSP245,2035,CNRMESM,367.446,36.8624,104.725,86.9252
SSP245,2036,CNRMESM,368.031,21.5251,60.0393,152.283
SSP245,2037,CNRMESM,344.766,46.6563,49.4604,68.7268
SSP245,2038,CNRMESM,363.283,101.698,56.52,147.138
SSP245,2039,CNRMESM,408.999,67.6054,4.4269,177.991
SSP245,2040,CNRMESM,344.432,38.2655,49.1889,48.9291
SSP245,2041,CNRMESM,360.424,93.0173,41.1973,114.052
SSP245,2042,CNRMESM,331.529,76.232,90.8461,121.756
SSP245,2043,CNRMESM,337.582,10.8333,92.5014,75.0831
SSP245,2050,CNRMESM,358.004,64.8726,105.836,113.894
SSP245,2051,CNRMESM,430.378,83.8598,86.7316,152.77
SSP245,2052,CNRMESM,401.141,105.83,89.9778,72.8422
SSP245,2053,CNRMESM,385.585,36.5976,107.21,192.026
SSP245,2054,CNRMESM,364.49,25.609,129.808,58.1127
SSP245,2055,CNRMESM,488.09,17.1928,64.83,98.1461
SSP245,2056,CNRMESM,421.313,32.5908,45.8118,171.868
SSP245,2057,CNRMESM,347.229,64.9255,105.817,68.6188
SSP245,2058,CNRMESM,404.633,27.78,35.1652,122.2
SSP245,2059,CNRMESM,411.759,44.6119,32.5691,270.765
SSP245,2060,CNRMESM,441.316,81.2633,112.522,72.2435
SSP245,2061,CNRMESM,367.979,106.241,81.2995,107.762
SSP245,2062,CNRMESM,307.328,40.6303,109.243,153.46
SSP245,2063,CNRMESM,406.11,68.7332,49.414,79.1951
SSP245,2064,CNRMESM,463.645,48.8885,37.4026,121.058
SSP245,2065,CNRMESM,382.279,77.791,119.731,107.24
SSP245,2066,CNRMESM,369.09,64.4885,58.5507,65.6144
SSP245,2067,CNRMESM,410.377,42.4381,33.6895,168.278
SSP245,2068,CNRMESM,359.199,137.486,92.3649,333.777
SSP245,2069,CNRMESM,401.015,93.3273,52.115,121.169
SSP245,2070,CNRMESM,289.16,21.2615,82.8898,84.82
SSP245,2080,CNRMESM,359.082,106.294,162.487,111.923
SSP245,2081,CNRMESM,471.567,54.1819,43.7586,137.717
SSP245,2082,CNRMESM,463.267,78.1015,40.779,85.3561
SSP245,2083,CNRMESM,431.888,123.373,33.4127,98.3857
SSP245,2084,CNRMESM,418.201,27.4149,75.6182,81.5995
SSP245,2085,CNRMESM,452.014,81.6037,27.362,134.118
SSP245,2086,CNRMESM,354.243,157.319,108.964,123.007
SSP245,2087,CNRMESM,381.526,77.5982,175.553,139.404
SSP245,2088,CNRMESM,417.913,87.0426,30.6758,164.106
SSP245,2089,CNRMESM,434.262,92.1268,90.0292,91.3266
SSP245,2090,CNRMESM,457.565,101.532,32.8117,148.609
SSP245,2091,CNRMESM,518.398,56.6761,71.0653,73.652
SSP245,2092,CNRMESM,420.35,46.1719,116.462,200.5
SSP245,2093,CNRMESM,381.973,50.0909,132.885,54.7083
SSP245,2094,CNRMESM,475.184,22.7654,107.544,102.815
SSP245,2095,CNRMESM,368.083,57.2341,169.269,39.7663
SSP245,2096,CNRMESM,338.427,39.1328,139.146,77.626
SSP245,2097,CNRMESM,467.409,27.1812,92.3533,41.3804
SSP245,2098,CNRMESM,360.329,106.518,90.4383,105.575
SSP245,2099,CNRMESM,336.516,33.5176,112.6,136.872
SSP245,2100,CNRMESM,413.541,55.9697,82.8053,117.247
SSP370,2023,CNRMESM,389.14,60.6036,96.3873,258.457
SSP370,2024,CNRMESM,381.712,57.6723,53.0788,107.144
SSP370,2025,CNRMESM,370.323,33.0996,121.946,214.918
SSP370,2026,CNRMESM,359.028,66.334,174.799,114.76
SSP370,2027,CNRMESM,363.396,13.9163,55.1799,154.3
SSP370,2028,CNRMESM,256.128,56.6937,160.165,155.806
SSP370,2029,CNRMESM,397.67,20.9141,74.6247,96.3429
SSP370,2030,CNRMESM,367.09,70.6381,100.391,107.57
SSP370,2031,CNRMESM,384.228,71.7356,58.9986,122.006
SSP370,2032,CNRMESM,357.781,124.71,84.276,96.0815
SSP370,2033,CNRMESM,465.866,20.0525,28.0226,50.8784
SSP370,2034,CNRMESM,358.963,19.4057,140.211,52.7321
SSP370,2035,CNRMESM,311.762,68.9091,110.581,125
SSP370,2036,CNRMESM,354.271,25.9925,138.435,124.413
SSP370,2037,CNRMESM,408.439,18.4387,64.0326,110.901
SSP370,2038,CNRMESM,390.205,28.3609,102.401,63.9114
SSP370,2039,CNRMESM,347.195,106.578,154.153,55.7311
SSP370,2040,CNRMESM,364.972,74.5992,69.8458,133.042
SSP370,2041,CNRMESM,364.667,72.6917,120.532,157.221
SSP370,2042,CNRMESM,333.254,59.9008,152.249,122.771
SSP370,2043,CNRMESM,354.721,117.994,68.1156,169.129
SSP370,2050,CNRMESM,401.361,137.56,63.92,123.048
SSP370,2051,CNRMESM,425.144,74.0928,73.4043,132.465
SSP370,2052,CNRMESM,441.37,38.7117,91.4822,32.0221
SSP370,2053,CNRMESM,431.983,52.4321,101.408,166.793
SSP370,2054,CNRMESM,438.299,76.9511,72.7465,107.882
SSP370,2055,CNRMESM,381.077,68.1833,46.3612,33.2223
SSP370,2056,CNRMESM,417.777,18.6629,102.557,107.388
SSP370,2057,CNRMESM,465.316,51.2336,72.3745,36.7854
SSP370,2058,CNRMESM,447.133,70.7507,57.6331,106.517
SSP370,2059,CNRMESM,433.005,34.2487,80.9838,111.309
SSP370,2060,CNRMESM,443.045,15.4078,94.6847,70.8021
SSP370,2061,CNRMESM,477.12,21.1868,29.0594,103.963
SSP370,2062,CNRMESM,325.636,129.33,168.845,164.296
SSP370,2063,CNRMESM,388.72,136.124,115.632,88.614
SSP370,2064,CNRMESM,364.934,30.5261,46.8125,160.683
SSP370,2065,CNRMESM,373.674,108.236,124.276,98.1445
SSP370,2066,CNRMESM,434.608,109.98,52.6719,85.0136
SSP370,2067,CNRMESM,337.115,22.1296,80.6416,141.867
SSP370,2068,CNRMESM,477.001,29.1015,34.2606,195.649
SSP370,2069,CNRMESM,348.101,151.733,221.216,90.5941
SSP370,2070,CNRMESM,368.987,29.6043,70.3142,147.984
SSP370,2080,CNRMESM,458.417,82.1893,97.049,113.986
SSP370,2081,CNRMESM,499.547,62.4841,43.9061,57.888
SSP370,2082,CNRMESM,482.134,139.967,35.39,76.7218
SSP370,2083,CNRMESM,472.003,36.9472,40.1777,66.6989
SSP370,2084,CNRMESM,425.684,41.2555,93.5191,180.956
SSP370,2085,CNRMESM,497.065,61.9679,63.7372,92.9362
SSP370,2086,CNRMESM,545.545,38.4856,79.6284,28.4007
SSP370,2087,CNRMESM,508.035,33.5724,101.057,174.093
SSP370,2088,CNRMESM,490.464,95.4781,39.65,148.534
SSP370,2089,CNRMESM,438.978,144.692,143.793,77.4801
SSP370,2090,CNRMESM,413.081,139.079,80.543,82.122
SSP370,2091,CNRMESM,510.065,38.2694,63.5966,84.6685
SSP370,2092,CNRMESM,469.074,84.5942,182.936,98.4086
SSP370,2093,CNRMESM,472.735,111.492,161.853,79.7588
SSP370,2094,CNRMESM,493.251,117.571,120.844,90.5479
SSP370,2095,CNRMESM,521.751,80.8515,83.9393,46.7786
SSP370,2096,CNRMESM,447.443,24.9063,20.7723,77.4825
SSP370,2097,CNRMESM,512.575,44.8213,109.439,59.6403
SSP370,2098,CNRMESM,503.338,18.6688,69.9246,56.1309
SSP370,2099,CNRMESM,456.622,36.9896,48.612,114.992
SSP370,2100,CNRMESM,538.938,87.4152,15.9853,84.4847
SSP585,2023,CNRMESM,274.746,92.1888,133.382,147.34
SSP585,2024,CNRMESM,381.681,86.2144,79.9735,59.775
SSP585,2025,CNRMESM,330.563,76.0391,81.4352,112.342
SSP585,2026,CNRMESM,328.842,56.1536,86.5049,154.529
SSP585,2027,CNRMESM,376.779,29.6057,75.6428,65.6043
SSP585,2028,CNRMESM,407.397,30.0969,74.7581,207.303
SSP585,2029,CNRMESM,356.298,54.5125,74.0496,215.763
SSP585,2030,CNRMESM,344.896,155.91,111.75,131.839
SSP585,2031,CNRMESM,423.811,48.2989,54.6021,96.9311
SSP585,2032,CNRMESM,398.893,40.6752,77.398,101.987
SSP585,2033,CNRMESM,345.593,79.9156,109.485,232.674
SSP585,2034,CNRMESM,359.218,93.4544,97.6691,67.8322
SSP585,2035,CNRMESM,412.639,28.9859,77.0006,277.398
SSP585,2036,CNRMESM,320.016,36.7351,147.936,109.162
SSP585,2037,CNRMESM,423.127,92.3497,50.2914,77.8133
SSP585,2038,CNRMESM,308.133,100.898,77.255,80.8653
SSP585,2039,CNRMESM,417.894,82.5799,67.8557,118.664
SSP585,2040,CNRMESM,407.492,84.8292,100.333,38.2722
SSP585,2041,CNRMESM,409.084,95.6066,163.333,95.5027
SSP585,2042,CNRMESM,370.152,54.9907,121.905,108.042
SSP585,2043,CNRMESM,331.894,68.3363,80.8632,86.2154
SSP585,2050,CNRMESM,402.492,59.7103,140.032,100.309
SSP585,2051,CNRMESM,404.889,46.7234,68.0498,95.3647
SSP585,2052,CNRMESM,431.954,43.6948,62.5397,120.042
SSP585,2053,CNRMESM,416.603,42.8954,101.526,152.035
SSP585,2054,CNRMESM,376.616,125.962,97.0107,96.2824
SSP585,2055,CNRMESM,391.014,44.1759,175.733,58.0059
SSP585,2056,CNRMESM,458.478,28.2699,61.9398,38.9449
SSP585,2057,CNRMESM,376.389,31.7949,51.3818,129.325
SSP585,2058,CNRMESM,373.019,51.306,52.564,179.798
SSP585,2059,CNRMESM,354.759,239.244,98.8833,137.689
SSP585,2060,CNRMESM,527.512,74.1074,40.7936,140.625
SSP585,2061,CNRMESM,479.879,89.5158,31.6067,75.8479
SSP585,2062,CNRMESM,423.994,16.7773,136.279,208.141
SSP585,2063,CNRMESM,405.642,45.6392,42.0733,78.0107
SSP585,2064,CNRMESM,519.91,96.5904,85.4061,54.994
SSP585,2065,CNRMESM,435.006,50.4183,105.755,119.103
SSP585,2066,CNRMESM,401.015,72.4648,85.6115,144.097
SSP585,2067,CNRMESM,439.498,35.7886,72.4379,212.19
SSP585,2068,CNRMESM,417.298,85.8551,92.9214,123.933
SSP585,2069,CNRMESM,395.532,65.663,26.0391,106.799
SSP585,2070,CNRMESM,470.423,80.0049,45.1231,116.215
SSP585,2080,CNRMESM,520.549,22.393,65.6595,57.4187
SSP585,2081,CNRMESM,435.211,52.5585,179.247,54.094
SSP585,2082,CNRMESM,554.067,45.0648,40.8946,50.3153
SSP585,2083,CNRMESM,511.921,79.9745,97.7106,76.914
SSP585,2084,CNRMESM,526.83,41.9364,122.984,46.7626
SSP585,2085,CNRMESM,580.151,53.9093,233.599,153.542
SSP585,2086,CNRMESM,514.017,92.4754,50.9047,82.3068
SSP585,2087,CNRMESM,537.943,56.3708,121.859,299.65
SSP585,2088,CNRMESM,500.058,85.6511,51.5034,63.4742
SSP585,2089,CNRMESM,483.436,73.094,93.1604,114.674
SSP585,2090,CNRMESM,447.704,113.758,40.4276,94.645
SSP585,2091,CNRMESM,492.92,46.8788,14.2963,112.08
SSP585,2092,CNRMESM,477.192,77.5077,154.196,169.011
SSP585,2093,CNRMESM,545.129,27.3183,166.091,205.141
SSP585,2094,CNRMESM,516.366,54.3228,138.387,61.7923
SSP585,2095,CNRMESM,538.754,12.4665,60.406,68.5244
SSP585,2096,CNRMESM,474.955,53.7484,118.706,68.4758
SSP585,2097,CNRMESM,562.891,32.3102,8.76269,117.117
SSP585,2098,CNRMESM,484.191,68.0615,107.886,109.173
SSP585,2099,CNRMESM,519.112,87.5501,30.5183,51.0307
SSP585,2100,CNRMESM,490.03,26.3061,41.3151,156.81
